product_link,title,brand,price,discount,avg_rating,total_ratings
https://www.flipkart.com/campus-claire-women-s-sports-shoes-memory-foam-insole-cushioned-comfort-lace-up-running-women/p/itm2ea2c55376986?pid=SHOFW9E9MC5FYPQM&lid=LSTSHOFW9E9MC5FYPQM6BRQDS&marketplace=FLIPKART&q=sports+shoes+for+women&store=osp%2Fiko%2Fd20&srno=s_1_2&otracker=search&otracker1=search&fm=organic&iid=en_WFFPzYhfyMt-z5-343bGrzHoLpjliutnRPPr7qsynruYlKEQ2SFVkizchBeyHwODcDBaLn3oyJGAFpmZ1D0plnbokvd1CzEZnIJbyf1TmFY%3D&ppt=None&ppn=None&ssid=9ac996469s0000001780446301163&qH=32e27b1148959538&ov_redirect=true,CAMPUS CLAIRE Women's Sports Shoes | Memory Foam Insole for Cushi...more,Generic/Unknown,0,0.0,0.0,0
https://www.flipkart.com/campus-annie-women-s-casual-shoes-sock-like-fit-integrated-foamlite-tech-slip-walking-women/p/itmc0b0d71bdca42?pid=SHOGARZCXHKTHUYG&lid=LSTSHOGARZCXHKTHUYGJMZVQN&marketplace=FLIPKART&q=sports+shoes+for+women&store=osp%2Fiko%2Fd20&srno=s_1_3&otracker=search&otracker1=search&fm=organic&iid=cdf83aa9-e2a7-4d04-9385-92a02ca7df6d.SHOGARZCXHKTHUYG.SEARCH&ppt=None&ppn=None&ssid=9ac996469s0000001780446301163&qH=32e27b1148959538&ov_redirect=true,CAMPUS ANNIE Women's Casual Shoes | Sock-Like Fit | Integrated Fo...more,Generic/Unknown,0,0.0,0.0,0
https://www.flipkart.com/abros-dynamo-running-shoes-women/p/itmdcbaee9f40d51?pid=SHOHKAMBXNNZYEDB&lid=LSTSHOHKAMBXNNZYEDBRD8WYF&marketplace=FLIPKART&q=sports+shoes+for+women&store=osp%2Fiko%2Fd20&srno=s_1_4&otracker=search&otracker1=search&fm=organic&iid=cdf83aa9-e2a7-4d04-9385-92a02ca7df6d.SHOHKAMBXNNZYEDB.SEARCH&ppt=None&ppn=None&ssid=9ac996469s0000001780446301163&qH=32e27b1148959538&ov_redirect=true,Abros DYNAMO Running Shoes For Women,Generic/Unknown,0,0.0,0.0,0
https://www.flipkart.com/skitter-stylish-light-weight-comfortable-sports-shoes-women-walking/p/itm3d4242c7b6e52?pid=SHOHBEZ7H2HKF5YM&lid=LSTSHOHBEZ7H2HKF5YMLWL47X&marketplace=FLIPKART&q=sports+shoes+for+women&store=osp%2Fiko%2Fd20&srno=s_1_5&otracker=search&otracker1=search&fm=organic&iid=en_WFFPzYhfyMt-z5-343bGrzHoLpjliutnRPPr7qsynrsQQO5ASa12mX7gSmlnbJSb89nRn5MNUKv3rB5OWCzd4Q%3D%3D&ppt=None&ppn=None&ssid=9ac996469s0000001780446301163&qH=32e27b1148959538&ov_redirect=true,SKITTER STYLISH LIGHT WEIGHT AND COMFORTABLE SPORTS SHOES FOR WOM...more,Generic/Unknown,0,0.0,0.0,0
https://www.flipkart.com/jqr-ginie-running-shoes-women/p/itme5b8d7bfa145f?pid=SHOHKXWMZMJUHJW4&lid=LSTSHOHKXWMZMJUHJW41A5MTN&marketplace=FLIPKART&q=sports+shoes+for+women&store=osp%2Fiko%2Fd20&srno=s_1_6&otracker=search&otracker1=search&fm=organic&iid=en_WFFPzYhfyMt-z5-343bGrzHoLpjliutnRPPr7qsynrsKE-tubqMfkWsk5XVAuHXnBlMekPlZIuBfC7lmvZH_CjRKtQQVWB8eNWYNLe7VuyQ%3D&ppt=None&ppn=None&ssid=9ac996469s0000001780446301163&qH=32e27b1148959538&ov_redirect=true,JQR GINIE Running Shoes For Women,Generic/Unknown,0,0.0,0.0,0
https://www.flipkart.com/rydus-performance-joy-f-d-grey-6-sneakers-women/p/itmccd06fcce6611?pid=SHOHNUGPGC62MZGH&lid=LSTSHOHNUGPGC62MZGHZUW3L0&marketplace=FLIPKART&q=sports+shoes+for+women&store=osp%2Fiko%2Fd20&srno=s_1_7&otracker=search&otracker1=search&fm=organic&iid=cdf83aa9-e2a7-4d04-9385-92a02ca7df6d.SHOHNUGPGC62MZGH.SEARCH&ppt=None&ppn=None&ssid=9ac996469s0000001780446301163&qH=32e27b1148959538&ov_redirect=true,RYDUS PERFORMANCE Joy_F_D-Grey_6 Sneakers For Women,Generic/Unknown,0,0.0,0.0,0
https://www.flipkart.com/rydus-performance-joy-f-black-6-sneakers-women/p/itm18b5e9dd5b100?pid=SHOHNUGPY3SGJJHK&lid=LSTSHOHNUGPY3SGJJHKBYUDX2&marketplace=FLIPKART&q=sports+shoes+for+women&store=osp%2Fiko%2Fd20&srno=s_1_8&otracker=search&otracker1=search&fm=organic&iid=cdf83aa9-e2a7-4d04-9385-92a02ca7df6d.SHOHNUGPY3SGJJHK.SEARCH&ppt=None&ppn=None&ssid=9ac996469s0000001780446301163&qH=32e27b1148959538&ov_redirect=true,RYDUS PERFORMANCE Joy_F_Black_6 Sneakers For Women,Generic/Unknown,0,0.0,0.0,0
https://www.flipkart.com/rydus-performance-vapor-c-green-06-sneakers-women/p/itm2edc7c72f6285?pid=SHOHMRGXGDQCG6YH&lid=LSTSHOHMRGXGDQCG6YHIZAHSE&marketplace=FLIPKART&q=sports+shoes+for+women&store=osp%2Fiko%2Fd20&srno=s_1_9&otracker=search&otracker1=search&fm=organic&iid=cdf83aa9-e2a7-4d04-9385-92a02ca7df6d.SHOHMRGXGDQCG6YH.SEARCH&ppt=None&ppn=None&ssid=9ac996469s0000001780446301163&qH=32e27b1148959538&ov_redirect=true,RYDUS PERFORMANCE Vapor_C_Green_06 Sneakers For Women,Generic/Unknown,0,0.0,0.0,0
https://www.flipkart.com/asian-cute-sports-shoes-women-running-girls-stylish-latest-design-new-fashion-casual-sneakers-ladies-lace-up-lightweight-pink-jogging-walking-gym-party/p/itmfgnquqjghwjzc?pid=SHOEEF3QCXKDMSUR&lid=LSTSHOEEF3QCXKDMSURQPA0DR&marketplace=FLIPKART&q=sports+shoes+for+women&store=osp%2Fiko%2Fd20&spotlightTagId=default_BestsellerId_osp%2Fiko%2Fd20&srno=s_1_10&otracker=search&otracker1=search&fm=organic&iid=cdf83aa9-e2a7-4d04-9385-92a02ca7df6d.SHOEEF3QCXKDMSUR.SEARCH&ppt=None&ppn=None&ssid=9ac996469s0000001780446301163&qH=32e27b1148959538&ov_redirect=true,asian Cute sports shoes for women | Running shoes for girls styli...more,Generic/Unknown,0,0.0,0.0,0
